<?xml version="1.0" encoding="UTF-8" standalone="yes"?>
<addon id="plugin.video.schoolOfRock"
	name="School of Rock"
	version="1.0.0"
	provider-name="Curri Micorsystems">
  <requires>
    <import addon="xbmc.python" version="2.1.0"/>
    <import addon="plugin.teleloca.support.ytb" version="5.0.0"/>
  </requires>
  <extension point="xbmc.python.pluginsource" library="default.py">
    <provides>video</provides>
  </extension>
  <extension point="xbmc.addon.metadata">
    <summary lang="en">Music Classes Recopilation</summary>
    <description lang="en">The best free online music classes. Learn to play an instrument or musical theory</description>
    <platform>all</platform>
  </extension>
</addon>
